<?xml version="1.0" encoding="UTF-8" standalone="yes"?>
<addon id="repository.mikey" name="mikey's fun house Repo" version="1.0" provider-name="wytdmikey">
    <extension point="xbmc.addon.repository" name="mikey's fun house Repo">
        <dir>
            <info compressed="false">https://raw.githubusercontent.com/wytdmikey/wytdmikey.github.io/main/packages/addons.xml</info>
            <checksum>https://raw.githubusercontent.com/wytdmikey/wytdmikey.github.io/main/packages/addons.xml.md5</checksum>
            <datadir zip="true">https://raw.githubusercontent.com/wytdmikey/wytdmikey.github.io/main/packages/</datadir>
        </dir>
    </extension>
    <extension point="xbmc.addon.metadata">
        <summary>mikey's fun house - i'm on pure bullshit</summary>
        <description>i archive old shit or anything else i feel like archiving for my kodi setup yesyes</description>
        <assets>
            <icon>icon.png</icon>
            <fanart>fanart.jpg</fanart>
        </assets>
    </extension>
</addon>
